{
    "train_loss": [
        5.796912890214187,
        5.238984144650972,
        4.8818593208606424,
        4.718518752318162,
        4.64264071904696,
        4.585330944794875,
        4.524345911466158,
        4.4662065139183635,
        4.40731562100924,
        4.356400324748113,
        4.27870683486645,
        4.216208063639128,
        4.175041602208064,
        4.101727870794443,
        4.047812718611497,
        3.9682542635844302,
        3.9052821672879734,
        3.84687300828787,
        3.790738399212177,
        3.7219511087124166,
        3.655945603664105,
        3.610708915270292,
        3.550736115528987,
        3.5263849588540883,
        3.491848881428058,
        3.4383936753639808,
        3.400110024672288,
        3.393031221169692,
        3.35040336388808,
        3.2995102680646458,
        3.293823159657992,
        3.2645531434279222,
        3.2364606948999257,
        3.190215385877169,
        3.197459972821749,
        3.151603414462163,
        3.1464140598590555,
        3.132243972558242,
        3.105894684791565,
        3.086341747870812,
        3.0720429053673377,
        3.027061801690322,
        3.01965385216933,
        3.02619613133944,
        2.9963900859539327,
        3.0109508220966044,
        2.9782770597017727
    ],
    "val_loss": [
        5.29714527130127,
        4.885116004943848,
        4.716464900970459,
        4.681503963470459,
        4.632358455657959,
        4.545385932922363,
        4.4769700050354,
        4.427236080169678,
        4.390381240844727,
        4.331459665298462,
        4.266844177246094,
        4.183895683288574,
        4.123022365570068,
        4.026650714874267,
        3.973314046859741,
        3.91488938331604,
        3.854644536972046,
        3.8028736114501953,
        3.7497534275054933,
        3.7154569149017336,
        3.6790521144866943,
        3.652878189086914,
        3.6296542167663572,
        3.6002939224243162,
        3.5695469856262205,
        3.557515859603882,
        3.5345595359802244,
        3.537788724899292,
        3.518966627120972,
        3.5264994621276857,
        3.5122191429138185,
        3.503174591064453,
        3.504410171508789,
        3.492085599899292,
        3.4982508182525636,
        3.4889519214630127,
        3.4856937408447264,
        3.4890926361083983,
        3.487644386291504,
        3.4884650707244873,
        3.495702123641968,
        3.491590976715088,
        3.491959285736084,
        3.4939972400665282,
        3.490971326828003,
        3.4920968532562258,
        3.4930031299591064
    ]
}