{
    "train_loss": [
        10.10759474680974,
        9.468251411731426,
        8.819175573495718,
        8.23780606343196,
        7.801131963729858,
        7.45408140696012,
        7.281506134913518,
        7.206219636476957,
        7.154841863192045,
        7.113912417338445,
        7.079816726537851,
        7.0208821296691895,
        7.020055825893696,
        6.945837772809542,
        6.869327691885141,
        6.824608491017268,
        6.761114157163179,
        6.761451996289766,
        6.6983349690070515,
        6.674856919508714,
        6.617141210115873,
        6.5929018167349005,
        6.526814350715051,
        6.55399201466487,
        6.541153651017409,
        6.484157433876624,
        6.375728277059702,
        6.400111326804528,
        6.378531804451575,
        6.338647824067336,
        6.336785609905537,
        6.317392752720759,
        6.295707005720872,
        6.299110761055579,
        6.24624699812669,
        6.222675800323486,
        6.212966552147498,
        6.125081319075364,
        6.106901774039636,
        6.111579950039204,
        6.099036271755512,
        6.055473125897921,
        6.059171163118803,
        6.053149590125451,
        5.964229070223295,
        5.940676634128277,
        5.9844564107748175,
        5.945914176794199,
        5.9060902778918924,
        5.902678984862107,
        5.840766118122981,
        5.861454230088454,
        5.806668593333318,
        5.815082806807298,
        5.802439231138963,
        5.79087418776292,
        5.789694290894729,
        5.756408544687124,
        5.739268944813655,
        5.727621665367713
    ],
    "val_loss": [
        9.52630262374878,
        8.828436088562011,
        8.237774562835693,
        7.78366904258728,
        7.493153095245361,
        7.367874431610107,
        7.357860040664673,
        7.361994934082031,
        7.353306293487549,
        7.33078088760376,
        7.279285478591919,
        7.2039933681488035,
        7.11671552658081,
        7.082679700851441,
        7.0195647239685055,
        6.99388542175293,
        6.964439630508423,
        6.955081272125244,
        6.923334789276123,
        6.925015926361084,
        6.905724763870239,
        6.890324974060059,
        6.869223690032959,
        6.864812278747559,
        6.856383562088013,
        6.823063802719116,
        6.818637847900391,
        6.823501253128052,
        6.797979164123535,
        6.797945213317871,
        6.796052503585815,
        6.7821619510650635,
        6.772506618499756,
        6.757896280288696,
        6.763764190673828,
        6.756827116012573,
        6.7569554328918455,
        6.74964747428894,
        6.752667808532715,
        6.743726110458374,
        6.738030576705933,
        6.71905837059021,
        6.715914535522461,
        6.72413854598999,
        6.7114800930023195,
        6.714613962173462,
        6.731953954696655,
        6.702907752990723,
        6.711835289001465,
        6.702080202102661,
        6.7091576099395756,
        6.723479223251343,
        6.707345938682556,
        6.717488861083984,
        6.721521949768066,
        6.720060110092163,
        6.716523671150208,
        6.708749222755432,
        6.716195440292358,
        6.710211777687073
    ]
}